party_id,creation_date
0,2024-01-26
1,2024-02-25
2,2024-03-26
3,2024-04-25
4,2024-05-25
5,2024-06-24
6,2024-07-24
7,2024-08-23
8,2024-09-22
9,2024-10-22
10,2024-11-21
11,2024-12-21
12,2024-01-26
13,2024-02-25
14,2024-03-26
15,2024-04-25
16,2024-05-25
17,2024-06-24
18,2024-07-24
19,2024-08-23
20,2024-09-22
21,2024-10-22
22,2024-11-21
23,2024-12-21
24,2024-05-21
25,2024-02-14
26,2024-11-08
27,2024-09-08
28,2024-07-07
29,2024-04-18
30,2024-06-17
31,2024-03-24
32,2024-08-06
33,2024-05-28
34,2024-09-10
35,2024-09-07
36,2024-10-30
37,2024-10-29
38,2024-11-22
39,2024-12-16
40,2024-08-03
41,2024-03-21
42,2024-04-22
43,2024-09-22
44,2024-11-29
45,2024-12-18
46,2024-08-03
47,2024-11-10
48,2024-05-13
49,2024-01-03
50,2024-04-28
51,2024-11-28
52,2024-10-08
53,2024-03-24
54,2024-01-07
55,2024-03-15
56,2024-12-22
57,2024-11-01
58,2024-09-22
59,2024-10-28
60,2024-03-09
61,2024-08-10
62,2024-03-27
63,2024-01-15
64,2024-02-13
65,2024-08-28
66,2024-08-26
67,2024-11-16
68,2024-04-12
69,2024-02-16
70,2024-09-14
71,2024-12-25
72,2024-12-08
73,2024-12-11
74,2024-05-05
75,2024-06-07
76,2024-10-14
77,2024-09-25
78,2024-10-07
79,2024-12-30
80,2024-05-07
81,2024-02-12
82,2024-07-11
83,2024-09-24
84,2024-03-26
85,2024-11-20
86,2024-09-22
87,2024-05-30
88,2024-10-29
89,2024-02-26
90,2024-12-22
91,2024-03-31
92,2024-09-11
93,2024-11-04
94,2024-08-26
95,2024-08-27
96,2024-11-27
97,2024-03-16
98,2024-01-10
99,2024-12-14
100,2024-06-19
101,2024-11-20
102,2024-06-30
103,2024-05-23
104,2024-10-20
105,2024-04-14
106,2024-02-05
107,2024-02-02
108,2024-06-03
109,2024-08-24
110,2024-06-18
111,2024-08-15
112,2024-02-19
113,2024-10-02
114,2024-09-05
115,2024-12-29
116,2024-06-08
117,2024-10-17
118,2024-03-07
119,2024-05-10
120,2024-03-07
121,2024-06-16
122,2024-09-01
123,2024-03-28
124,2024-09-02
125,2024-03-07
126,2024-04-05
127,2024-07-07
128,2024-12-15
129,2024-10-16
130,2024-07-04
131,2024-08-16
132,2024-12-06
133,2024-03-21
134,2024-07-01
135,2024-10-02
136,2024-07-14
137,2024-10-26
138,2024-08-03
139,2024-08-11
140,2024-12-07
141,2024-08-03
142,2024-10-27
143,2024-07-06
144,2024-08-25
145,2024-11-02
146,2024-08-24
147,2024-06-21
148,2024-07-23
149,2024-10-24
150,2024-10-13
151,2024-09-13
152,2024-11-29
153,2024-12-07
154,2024-08-29
155,2024-10-27
156,2024-05-01
157,2024-07-21
158,2024-06-06
159,2024-04-16
160,2024-06-17
161,2024-08-02
162,2024-10-23
163,2024-08-18
164,2024-11-28
165,2024-06-19
166,2024-05-10
167,2024-02-23
168,2024-04-21
169,2024-12-14
170,2024-09-13
171,2024-01-05
172,2024-04-06
173,2024-12-01
174,2024-11-10
175,2024-06-21
176,2024-10-08
177,2024-10-06
178,2024-02-11
179,2024-12-29
180,2024-01-12
181,2024-10-14
182,2024-05-03
183,2024-06-29
184,2024-11-26
185,2024-10-31
186,2024-11-06
187,2024-08-08
188,2024-07-07
189,2024-10-03
190,2024-02-10
191,2024-05-01
192,2024-03-06
193,2024-05-14
194,2024-11-16
195,2024-02-28
196,2024-10-18
197,2024-03-16
198,2024-03-15
199,2024-11-06
200,2024-11-10
201,2024-04-13
202,2024-05-07
203,2024-08-12
204,2024-05-10
205,2024-06-01
206,2024-02-03
207,2024-10-05
208,2024-01-14
209,2024-01-06
210,2024-07-17
211,2024-09-18
212,2024-10-20
213,2024-12-10
214,2024-12-27
215,2024-11-07
216,2024-10-07
217,2024-11-25
218,2024-01-10
219,2024-12-10
220,2024-03-10
221,2024-09-30
222,2024-06-21
223,2024-06-13
224,2024-10-13
225,2024-08-24
226,2024-12-08
227,2024-02-11
228,2024-06-19
229,2024-09-24
230,2024-01-14
231,2024-06-02
232,2024-03-01
233,2024-05-14
234,2024-04-14
235,2024-12-16
236,2024-12-19
237,2024-04-07
238,2024-12-04
239,2024-07-09
240,2024-04-27
241,2024-12-07
242,2024-03-30
243,2024-06-18
244,2024-12-20
245,2024-02-15
246,2024-06-01
247,2024-01-17
248,2024-08-01
249,2024-06-28
250,2024-07-20
251,2024-01-21
252,2024-07-04
253,2024-05-03
254,2024-07-21
255,2024-10-23
256,2024-11-03
257,2024-06-26
258,2024-08-29
259,2024-02-13
260,2024-11-24
261,2024-11-15
262,2024-12-25
263,2024-05-01
264,2024-10-26
265,2024-07-08
266,2024-09-27
267,2024-07-12
268,2024-06-05
269,2024-04-28
270,2024-05-05
271,2024-02-03
272,2024-12-14
273,2024-02-03
